[
  {"name":"Казахский национальный университет им. Аль-Фараби","city":"Алматы","type":"Государственный","rating":5,"website":"https://www.kaznu.kz"},
  {"name":"Назарбаев Университет","city":"Астана","type":"Государственный","rating":5,"website":"https://nu.edu.kz"},
  {"name":"Лондонская школа экономики (подразделение)","city":"Астана","type":"Частный","rating":4,"website":"https://lse.kz"},
  {"name":"Казахский медицинский университет","city":"Алматы","type":"Государственный","rating":4,"website":"https://www.kazmeduniv.kz"},
  {"name":"Евразийский национальный университет","city":"Астана","type":"Государственный","rating":5,"website":"https://www.enu.kz"},
  {"name":"Казахский агротехнический университет","city":"Алматы","type":"Государственный","rating":3,"website":"https://www.kazagrotech.kz"},
  {"name":"Казахский педагогический университет","city":"Алматы","type":"Государственный","rating":4,"website":"https://www.kazped.kz"},
  {"name":"Казахский институт бизнеса","city":"Алматы","type":"Частный","rating":3,"website":"https://www.kib.kz"},
  {"name":"Казахский университет транспорта","city":"Алматы","type":"Государственный","rating":4,"website":"https://www.kaztransport.kz"},
  {"name":"Казахский национальный технический университет","city":"Алматы","type":"Государственный","rating":5,"website":"https://www.kazntu.kz"},
  {"name":"Казахский университет международных отношений","city":"Астана","type":"Государственный","rating":4,"website":"https://www.kazumio.kz"},
  {"name":"Казахский экономический университет","city":"Алматы","type":"Государственный","rating":4,"website":"https://www.kazue.kz"},
  {"name":"Казахский университет туризма","city":"Алматы","type":"Государственный","rating":3,"website":"https://www.kaztour.kz"},
  {"name":"Казахский университет искусств","city":"Алматы","type":"Государственный","rating":4,"website":"https://www.kazart.kz"},
  {"name":"Казахский университет химии и биотехнологии","city":"Алматы","type":"Государственный","rating":4,"website":"https://www.kazchem.kz"},
  {"name":"Казахский университет информационных технологий","city":"Астана","type":"Государственный","rating":5,"website":"https://www.kazit.kz"},
  {"name":"Казахский университет энергетики","city":"Алматы","type":"Государственный","rating":4,"website":"https://www.kazenergy.kz"},
  {"name":"Казахский университет права","city":"Астана","type":"Государственный","rating":5,"website":"https://www.kazlaw.kz"},
  {"name":"Казахский университет иностранных языков","city":"Алматы","type":"Государственный","rating":4,"website":"https://www.kazlang.kz"},
  {"name":"Казахский университет науки и технологий","city":"Астана","type":"Государственный","rating":5,"website":"https://www.kaztech.kz"},
  {"name":"Казахский университет финансов","city":"Алматы","type":"Государственный","rating":4,"website":"https://www.kazfin.kz"},
  {"name":"Казахский университет логистики","city":"Алматы","type":"Государственный","rating":3,"website":"https://www.kazlogistics.kz"},
  {"name":"Казахский университет дизайна","city":"Алматы","type":"Частный","rating":3,"website":"https://www.kazdesign.kz"},
  {"name":"Казахский университет спорта","city":"Алматы","type":"Государственный","rating":4,"website":"https://www.kazsport.kz"},
  {"name":"Казахский университет авиации","city":"Астана","type":"Государственный","rating":4,"website":"https://www.kazavia.kz"},
  {"name":"Казахский университет робототехники","city":"Алматы","type":"Частный","rating":4,"website":"https://www.kazrobot.kz"},
  {"name":"Казахский университет экологии","city":"Астана","type":"Государственный","rating":4,"website":"https://www.kazeco.kz"},
  {"name":"Казахский университет медицины и фармакологии","city":"Алматы","type":"Государственный","rating":5,"website":"https://www.kazmedpharm.kz"},
  {"name":"Казахский университет цифровых технологий","city":"Астана","type":"Государственный","rating":5,"website":"https://www.kazdigit.kz"},
  {"name":"Казахский университет машиностроения","city":"Алматы","type":"Государственный","rating":4,"website":"https://www.kazmech.kz"}
]
